{
  "false": {
    "glob_": {
      "concurrent_read": [
        0.4247000217437744, 
        0.5293118953704834, 
        0.4263632297515869, 
        0.43332600593566895, 
        0.42706298828125, 
        0.4253120422363281, 
        0.4404900074005127, 
        0.5232448577880859, 
        0.4314091205596924, 
        0.42497992515563965, 
        0.438417911529541, 
        0.581866979598999, 
        0.4281651973724365, 
        0.5321388244628906, 
        0.424191951751709, 
        0.4256880283355713, 
        0.5431349277496338, 
        0.43357300758361816, 
        0.5826661586761475, 
        0.5309228897094727
      ], 
      "normal_read": [
        0.4403860569000244, 
        0.38504815101623535, 
        0.6437242031097412, 
        0.3868229389190674, 
        0.4527459144592285, 
        0.38124799728393555, 
        0.37776994705200195, 
        0.5986180305480957, 
        0.46509790420532227, 
        0.5948419570922852
      ]
    }, 
    "listdir": {
      "concurrent_read": [
        0.41773080825805664, 
        0.4234158992767334, 
        0.625420093536377, 
        0.4295811653137207, 
        0.4227170944213867, 
        0.4277479648590088, 
        0.4276399612426758, 
        0.42342114448547363, 
        0.5236039161682129, 
        0.42353177070617676, 
        0.4160630702972412, 
        0.41694188117980957, 
        0.42383384704589844, 
        0.5258541107177734, 
        0.5332958698272705, 
        0.5546729564666748, 
        0.64923095703125, 
        0.4392111301422119, 
        0.5274088382720947, 
        0.6325459480285645
      ], 
      "normal_read": [
        0.5093059539794922, 
        0.5096449851989746, 
        0.6595799922943115, 
        0.4578440189361572, 
        0.7067620754241943, 
        0.5448658466339111, 
        0.5426638126373291, 
        0.4243888854980469, 
        0.620419979095459, 
        0.8001880645751953
      ]
    }, 
    "ls": {
      "concurrent_read": [
        0.5578620433807373, 
        0.6626851558685303, 
        0.5313751697540283, 
        0.6232728958129883, 
        0.5289649963378906, 
        0.5357670783996582, 
        0.638171911239624, 
        0.6387979984283447, 
        0.5428791046142578, 
        0.5517988204956055, 
        0.5249190330505371, 
        0.6422779560089111, 
        0.5358719825744629, 
        0.6311981678009033, 
        0.650874137878418, 
        0.5894241333007812, 
        0.524151086807251, 
        0.5549449920654297, 
        0.8236629962921143, 
        1.0155880451202393
      ], 
      "normal_read": [
        0.4438810348510742, 
        0.7486650943756104, 
        0.5822489261627197, 
        0.5090761184692383, 
        0.8370609283447266, 
        0.5775208473205566, 
        0.8202450275421143, 
        0.6756618022918701, 
        0.7568299770355225, 
        0.6848759651184082
      ]
    }
  }, 
  "true": {
    "glob_": {
      "concurrent_read": [
        0.5364129543304443, 
        0.530026912689209, 
        0.6303651332855225, 
        0.42468786239624023, 
        0.7531208992004395, 
        0.5236270427703857, 
        0.42986512184143066, 
        0.5265369415283203, 
        0.5329010486602783, 
        0.4318099021911621, 
        0.43194103240966797, 
        0.42713117599487305, 
        0.44306111335754395, 
        0.42463207244873047, 
        0.5300781726837158, 
        0.5387370586395264, 
        0.7451341152191162, 
        0.5401530265808105, 
        0.6625120639801025, 
        0.9404580593109131
      ], 
      "normal_read": [
        0.5705020427703857, 
        0.44924116134643555, 
        0.5293178558349609, 
        0.41463708877563477, 
        0.5075089931488037, 
        0.44451212882995605, 
        0.4314711093902588, 
        0.5496871471405029, 
        0.40776515007019043, 
        0.7433788776397705
      ]
    }, 
    "listdir": {
      "concurrent_read": [
        0.4166910648345947, 
        0.4220449924468994, 
        0.6309950351715088, 
        0.42461204528808594, 
        0.41919493675231934, 
        0.4211411476135254, 
        0.4224538803100586, 
        0.5266540050506592, 
        0.41933703422546387, 
        0.42003893852233887, 
        0.42423510551452637, 
        0.5271720886230469, 
        0.5234348773956299, 
        0.5256989002227783, 
        0.42169713973999023, 
        0.42916202545166016, 
        0.4236268997192383, 
        0.41786789894104004, 
        0.41823506355285645, 
        0.7334909439086914
      ], 
      "normal_read": [
        0.4661109447479248, 
        0.4821939468383789, 
        0.5766880512237549, 
        0.43271899223327637, 
        0.5136690139770508, 
        0.5117170810699463, 
        0.6517260074615479, 
        0.4767489433288574, 
        0.47492313385009766, 
        1.000042200088501
      ]
    }, 
    "ls": {
      "concurrent_read": [
        0.43931007385253906, 
        0.5290260314941406, 
        0.7082018852233887, 
        0.5342018604278564, 
        0.544903039932251, 
        0.531623125076294, 
        0.54475998878479, 
        0.6486799716949463, 
        0.7153139114379883, 
        0.5394549369812012, 
        0.6659908294677734, 
        0.7325918674468994, 
        0.6603748798370361, 
        0.5275149345397949, 
        0.6657869815826416, 
        0.5253579616546631, 
        0.594437837600708, 
        0.5381369590759277, 
        0.7242698669433594, 
        0.7505078315734863
      ], 
      "normal_read": [
        0.42736005783081055, 
        0.7699048519134521, 
        0.581866979598999, 
        0.7875099182128906, 
        0.7517569065093994, 
        0.5552890300750732, 
        0.631951093673706, 
        0.8829600811004639, 
        0.8080141544342041, 
        0.936985969543457
      ]
    }
  }
}