{
  "false": {
    "glob_": [
      0.46195292472839355, 
      0.4076039791107178, 
      0.3871021270751953, 
      0.6250300407409668, 
      0.4089961051940918, 
      0.4548358917236328, 
      0.5284318923950195, 
      0.4161500930786133, 
      0.41764211654663086, 
      0.726158857345581
    ], 
    "listdir": [
      0.4262709617614746, 
      0.3988759517669678, 
      0.433729887008667, 
      0.4486820697784424, 
      0.39440417289733887, 
      0.48008298873901367, 
      0.342026948928833, 
      0.4175698757171631, 
      0.5567259788513184, 
      0.4513869285583496
    ], 
    "ls": [
      0.4536111354827881, 
      0.3879880905151367, 
      0.4158670902252197, 
      0.4485740661621094, 
      0.3866310119628906, 
      0.439683198928833, 
      0.5820000171661377, 
      0.623690128326416, 
      0.5021259784698486, 
      0.5499799251556396
    ]
  }, 
  "true": {
    "glob_": [
      0.44356203079223633, 
      0.40785908699035645, 
      0.392179012298584, 
      0.3217799663543701, 
      0.4012589454650879, 
      0.4225461483001709, 
      0.3731570243835449, 
      0.5054759979248047, 
      0.41522908210754395, 
      0.4210991859436035
    ], 
    "listdir": [
      0.3661460876464844, 
      0.33815717697143555, 
      0.3650212287902832, 
      0.3224821090698242, 
      0.38054800033569336, 
      0.3758549690246582, 
      0.4126279354095459, 
      0.38874197006225586, 
      0.5496470928192139, 
      0.4247419834136963
    ], 
    "ls": [
      0.5229098796844482, 
      0.38263487815856934, 
      0.42029905319213867, 
      0.46832704544067383, 
      0.38858795166015625, 
      0.39930200576782227, 
      0.5541508197784424, 
      0.4032590389251709, 
      0.6121571063995361, 
      0.801893949508667
    ]
  }
}