{
  "false": {
    "glob_": {
      "concurrent_read": [
        0.6305861473083496, 
        0.42716193199157715, 
        0.4242210388183594, 
        0.4213111400604248, 
        0.42066287994384766, 
        0.5217640399932861, 
        0.42135190963745117, 
        0.5302700996398926, 
        0.423936128616333, 
        0.41379404067993164
      ], 
      "normal_read": [
        0.4642620086669922, 
        0.39290285110473633, 
        0.5409789085388184, 
        0.5284790992736816, 
        0.5274078845977783, 
        0.4004509449005127, 
        0.42470407485961914, 
        0.41062402725219727, 
        0.40952181816101074, 
        0.39749813079833984
      ]
    }, 
    "listdir": {
      "concurrent_read": [
        0.4258267879486084, 
        0.41779613494873047, 
        0.42534494400024414, 
        0.5189330577850342, 
        0.42336297035217285, 
        0.4174950122833252, 
        0.5451838970184326, 
        0.4205610752105713, 
        0.41675615310668945, 
        0.412492036819458
      ], 
      "normal_read": [
        0.6600580215454102, 
        0.495833158493042, 
        0.4800140857696533, 
        0.6286358833312988, 
        0.3970658779144287, 
        0.39121508598327637, 
        0.4247629642486572, 
        0.3743140697479248, 
        0.36945295333862305, 
        0.41042613983154297
      ]
    }, 
    "ls": {
      "concurrent_read": [
        0.5334711074829102, 
        0.5536251068115234, 
        0.6484971046447754, 
        0.528764009475708, 
        0.5240411758422852, 
        0.4246249198913574, 
        0.6080849170684814, 
        0.7134459018707275, 
        0.5739238262176514, 
        0.5892829895019531
      ], 
      "normal_read": [
        0.424008846282959, 
        0.5174651145935059, 
        0.6044600009918213, 
        0.46474599838256836, 
        0.5664670467376709, 
        0.41179990768432617, 
        0.4302830696105957, 
        0.6415729522705078, 
        0.6538209915161133, 
        0.4798290729522705
      ]
    }
  }, 
  "true": {
    "glob_": {
      "concurrent_read": [
        0.4477519989013672, 
        0.429412841796875, 
        0.41928601264953613, 
        0.5490720272064209, 
        0.45050787925720215, 
        0.42541003227233887, 
        0.4253389835357666, 
        0.5431168079376221, 
        0.4250979423522949, 
        0.4299631118774414
      ], 
      "normal_read": [
        0.36517786979675293, 
        0.6464169025421143, 
        0.4410970211029053, 
        0.45888400077819824, 
        0.4706590175628662, 
        0.3512098789215088, 
        0.48787903785705566, 
        0.44811081886291504, 
        0.4906291961669922, 
        0.5023620128631592
      ]
    }, 
    "listdir": {
      "concurrent_read": [
        0.41835808753967285, 
        0.6289939880371094, 
        0.5234041213989258, 
        0.4200270175933838, 
        0.420975923538208, 
        0.5252048969268799, 
        0.419644832611084, 
        0.42013001441955566, 
        0.41268491744995117, 
        0.5233228206634521
      ], 
      "normal_read": [
        0.548274040222168, 
        0.521273136138916, 
        0.4091010093688965, 
        0.38565993309020996, 
        0.4011218547821045, 
        0.5055961608886719, 
        0.39252305030822754, 
        0.45684289932250977, 
        0.45332884788513184, 
        0.4332749843597412
      ]
    }, 
    "ls": {
      "concurrent_read": [
        0.5080161094665527, 
        0.5211701393127441, 
        0.523932933807373, 
        0.5440528392791748, 
        0.7382259368896484, 
        0.79510498046875, 
        0.5474720001220703, 
        0.503162145614624, 
        0.5288889408111572, 
        0.5181148052215576
      ], 
      "normal_read": [
        0.49240708351135254, 
        0.548098087310791, 
        0.5401549339294434, 
        0.6493840217590332, 
        0.5096490383148193, 
        0.548738956451416, 
        0.5453281402587891, 
        0.49961018562316895, 
        0.42716503143310547, 
        0.7009100914001465
      ]
    }
  }
}